{
  "version": "1",
  "cognitoConfig": {
    "identityPoolName": "gajuerpidentitypool",
    "allowUnauthenticatedIdentities": true,
    "resourceNameTruncated": "gajuerf59c664a",
    "userPoolName": "gaju_erp_userpool",
    "autoVerifiedAttributes": [
      "email"
    ],
    "mfaConfiguration": "OFF",
    "mfaTypes": [
      "SMS Text Message"
    ],
    "smsAuthenticationMessage": "Your authentication code is {####}",
    "smsVerificationMessage": "Your verification code is {####}",
    "emailVerificationSubject": "Your verification code",
    "emailVerificationMessage": "Your verification code is {####}",
    "defaultPasswordPolicy": false,
    "passwordPolicyMinLength": 8,
    "passwordPolicyCharacters": [],
    "requiredAttributes": [
      "email",
      "name"
    ],
    "aliasAttributes": [],
    "userpoolClientGenerateSecret": false,
    "userpoolClientRefreshTokenValidity": 30,
    "userpoolClientWriteAttributes": [
      "phone_number",
      "email",
      "name"
    ],
    "userpoolClientReadAttributes": [
      "email",
      "name",
      "phone_number",
      "email_verified"
    ],
    "userpoolClientLambdaRole": "gajuauf59c664a_userpoolclient_lambda_role",
    "userpoolClientSetAttributes": true,
    "sharedId": "f59c664a",
    "resourceName": "gajuauthconfig",
    "authSelections": "identityPoolAndUserPool",
    "useDefault": "manual",
    "thirdPartyAuth": false,
    "usernameAttributes": [
      "email"
    ],
    "userPoolGroups": true,
    "adminQueries": false,
    "triggers": {},
    "hostedUI": false,
    "userPoolGroupList": [
      "admin",
      "supervisor"
    ],
    "adminQueryGroup": "admin",
    "serviceName": "Cognito",
    "usernameCaseSensitive": false,
    "useEnabledMfas": true,
    "authRoleArn": {
      "Fn::GetAtt": [
        "AuthRole",
        "Arn"
      ]
    },
    "unauthRoleArn": {
      "Fn::GetAtt": [
        "UnauthRole",
        "Arn"
      ]
    },
    "breakCircularDependency": true,
    "dependsOn": [],
    "permissions": [],
    "authProviders": [],
    "parentStack": {
      "Ref": "AWS::StackId"
    }
  }
}