{
  "providers": {
    "awscloudformation": {
      "AuthRoleName": "amplify-gajuerp-dev-14624-authRole",
      "UnauthRoleArn": "arn:aws:iam::291116516903:role/amplify-gajuerp-dev-14624-unauthRole",
      "AuthRoleArn": "arn:aws:iam::291116516903:role/amplify-gajuerp-dev-14624-authRole",
      "Region": "ap-south-1",
      "DeploymentBucketName": "amplify-gajuerp-dev-14624-deployment",
      "UnauthRoleName": "amplify-gajuerp-dev-14624-unauthRole",
      "StackName": "amplify-gajuerp-dev-14624",
      "StackId": "arn:aws:cloudformation:ap-south-1:291116516903:stack/amplify-gajuerp-dev-14624/d4f9e000-0868-11ed-bd67-06c5fa8718a8",
      "AmplifyAppId": "d1psa4ijdrw22m"
    }
  },
  "api": {
    "gajuerp": {
      "service": "AppSync",
      "providerPlugin": "awscloudformation",
      "dependsOn": [
        {
          "category": "auth",
          "resourceName": "gajuauthconfig",
          "attributes": [
            "UserPoolId"
          ]
        }
      ],
      "output": {
        "authConfig": {
          "defaultAuthentication": {
            "authenticationType": "API_KEY",
            "apiKeyConfig": {
              "apiKeyExpirationDays": 7
            }
          },
          "additionalAuthenticationProviders": [
            {
              "authenticationType": "AWS_IAM"
            },
            {
              "authenticationType": "AMAZON_COGNITO_USER_POOLS",
              "userPoolConfig": {
                "userPoolId": "authgajuauthconfig"
              }
            }
          ]
        },
        "GraphQLAPIIdOutput": "e43te4mc2fddzbhbqh5r3czwjq",
        "GraphQLAPIEndpointOutput": "https://mzchcw3gwjejzfb26vowd5haje.appsync-api.ap-south-1.amazonaws.com/graphql",
        "GraphQLAPIKeyOutput": "da2-j2xvfnybyrhkhcfiecppfatflm"
      },
      "lastPushTimeStamp": "2022-07-20T20:35:06.178Z",
      "providerMetadata": {
        "s3TemplateURL": "https://s3.amazonaws.com/amplify-gajuerp-dev-14624-deployment/amplify-cfn-templates/api/cloudformation-template.json",
        "logicalId": "apigajuerp"
      },
      "lastPushDirHash": "QcmOBCszobzmwzoFOhRSLj4tZxw="
    },
    "AdminQueries": {
      "service": "API Gateway",
      "providerPlugin": "awscloudformation",
      "authorizationType": "AMAZON_COGNITO_USER_POOLS",
      "dependsOn": [
        {
          "category": "auth",
          "resourceName": "gajuauthconfig",
          "attributes": [
            "UserPoolId"
          ]
        },
        {
          "category": "function",
          "resourceName": "AdminQueriesa326c486",
          "attributes": [
            "Arn",
            "Name"
          ]
        }
      ],
      "lastPushTimeStamp": "2022-07-20T20:35:06.178Z",
      "providerMetadata": {
        "s3TemplateURL": "https://s3.amazonaws.com/amplify-gajuerp-dev-14624-deployment/amplify-cfn-templates/api/AdminQueries-cloudformation-template.json",
        "logicalId": "apiAdminQueries"
      },
      "output": {
        "ApiName": "AdminQueries",
        "RootUrl": "https://08bo61f8h0.execute-api.ap-south-1.amazonaws.com/dev",
        "ApiId": "08bo61f8h0"
      },
      "lastPushDirHash": "LHHC6WPVPaqSojH/okdRsxN/QPY="
    }
  },
  "auth": {
    "userPoolGroups": {
      "service": "Cognito-UserPool-Groups",
      "providerPlugin": "awscloudformation",
      "dependsOn": [
        {
          "category": "auth",
          "resourceName": "gajuauthconfig",
          "attributes": [
            "UserPoolId",
            "AppClientIDWeb",
            "AppClientID",
            "IdentityPoolId"
          ]
        }
      ],
      "userPoolGroups": {
        "service": "Cognito-UserPool-Groups",
        "providerPlugin": "awscloudformation",
        "dependsOn": [
          {
            "category": "auth",
            "resourceName": "gajuauthconfig",
            "attributes": [
              "UserPoolId",
              "AppClientIDWeb",
              "AppClientID",
              "IdentityPoolId"
            ]
          }
        ]
      },
      "lastPushTimeStamp": "2022-07-20T20:35:06.178Z",
      "providerMetadata": {
        "s3TemplateURL": "https://s3.amazonaws.com/amplify-gajuerp-dev-14624-deployment/amplify-cfn-templates/auth/userPoolGroups-cloudformation-template.json",
        "logicalId": "authuserPoolGroups"
      },
      "output": {
        "supervisorGroupRole": "arn:aws:iam::291116516903:role/ap-south-1_r2WUkoFqD-supervisorGroupRole",
        "adminGroupRole": "arn:aws:iam::291116516903:role/ap-south-1_r2WUkoFqD-adminGroupRole"
      },
      "lastPushDirHash": "xwnZasfP+/MQgUbnpkTB2EinB8E="
    },
    "gajuauthconfig": {
      "service": "Cognito",
      "providerPlugin": "awscloudformation",
      "dependsOn": [],
      "customAuth": false,
      "frontendAuthConfig": {
        "socialProviders": [],
        "usernameAttributes": [
          "EMAIL"
        ],
        "signupAttributes": [
          "EMAIL",
          "NAME"
        ],
        "passwordProtectionSettings": {
          "passwordPolicyMinLength": 8,
          "passwordPolicyCharacters": []
        },
        "mfaConfiguration": "OFF",
        "mfaTypes": [
          "SMS"
        ],
        "verificationMechanisms": [
          "EMAIL"
        ]
      },
      "lastPushTimeStamp": "2022-07-20T20:35:06.178Z",
      "providerMetadata": {
        "s3TemplateURL": "https://s3.amazonaws.com/amplify-gajuerp-dev-14624-deployment/amplify-cfn-templates/auth/gajuauthconfig-cloudformation-template.json",
        "logicalId": "authgajuauthconfig"
      },
      "output": {
        "UserPoolId": "ap-south-1_r2WUkoFqD",
        "AppClientIDWeb": "7sq9up5bq6g7cvvdeiktpi91dd",
        "AppClientID": "5iooj9bjsn5d8do3mc1idnt010",
        "IdentityPoolId": "ap-south-1:0425c849-1000-4d99-8eca-0fa12adc897f",
        "UserPoolArn": "arn:aws:cognito-idp:ap-south-1:291116516903:userpool/ap-south-1_r2WUkoFqD",
        "IdentityPoolName": "gajuerpidentitypool__dev",
        "UserPoolName": "gaju_erp_userpool"
      },
      "lastPushDirHash": "1t+UBsR4ng8mzD/oMrvnwjKjHl8="
    }
  },
  "function": {
    "AdminQueriesa326c486": {
      "service": "Lambda",
      "providerPlugin": "awscloudformation",
      "build": true,
      "dependsOn": [
        {
          "category": "auth",
          "resourceName": "gajuauthconfig",
          "attributes": [
            "UserPoolId"
          ]
        }
      ],
      "lastBuildTimeStamp": "2022-07-20T20:25:47.131Z",
      "lastBuildType": "PROD",
      "lastPackageTimeStamp": "2022-07-20T20:25:51.409Z",
      "distZipFilename": "AdminQueriesa326c486-4d746d4b516a58426f42-build.zip",
      "s3Bucket": {
        "deploymentBucketName": "amplify-gajuerp-dev-14624-deployment",
        "s3Key": "amplify-builds/AdminQueriesa326c486-4d746d4b516a58426f42-build.zip"
      },
      "providerMetadata": {
        "s3TemplateURL": "https://s3.amazonaws.com/amplify-gajuerp-dev-14624-deployment/amplify-cfn-templates/function/AdminQueriesa326c486-cloudformation-template.json",
        "logicalId": "functionAdminQueriesa326c486"
      },
      "lastPushTimeStamp": "2022-07-20T20:35:06.178Z",
      "output": {
        "Region": "ap-south-1",
        "Arn": "arn:aws:lambda:ap-south-1:291116516903:function:AdminQueriesa326c486-dev",
        "Name": "AdminQueriesa326c486-dev",
        "LambdaExecutionRole": "AdminQueriesa326c486LambdaRole-dev"
      },
      "lastPushDirHash": "UChF7FjcZYCZmbvIaRd7Y1B1uHU="
    }
  }
}