{
  "version": 1,
  "serviceConfiguration": {
    "apiName": "gajuerp",
    "serviceName": "AppSync",
    "gqlSchemaPath": "E:\\Project_Working\\HexSmart Projects\\smartuerp_dev\\amplify\\backend\\api\\gajuerp\\schema.graphql",
    "defaultAuthType": {
      "mode": "API_KEY",
      "expirationTime": 7
    },
    "additionalAuthTypes": [
      {
        "mode": "AWS_IAM"
      },
      {
        "mode": "AMAZON_COGNITO_USER_POOLS",
        "cognitoUserPoolId": "authgajuauthconfig"
      }
    ]
  }
}